svg,id,title,link,not_modal
mbnms_pelagic.svg,baleen-whales,Baleen whales,modals/baleen-whales.html,
mbnms_pelagic.svg,forage-assemblage,Forage Assemblage,modals/forage-assemblage.html,
mbnms_pelagic.svg,forage-fish,Forage Fish,modals/forage-fish.html,
mbnms_pelagic.svg,forage-inverts,Forage Invertebrates,modals/forage-inverts.html,
mbnms_pelagic.svg,key-climate-ocean,Key climate & ocean drivers,modals/climate-oceano.html,
mbnms_pelagic.svg,key-human-activities,Key human activities,modals/human-activities.html,
mbnms_pelagic.svg,midwater-assemblage,Midwater assemblage,modals/midwater-assemblage.html,
mbnms_pelagic.svg,nesting-birds,Nesting  birds,modals/nesting-birds.html,
mbnms_pelagic.svg,pinnipeds,Pinnipeds,modals/pinnipeds.html,
mbnms_pelagic.svg,plankton,Plankton,modals/plankton.html,
mbnms_pelagic.svg,seabirds,Seabirds at sea,modals/seabirds.html,
mbnms_deep-seafloor.svg,biogenic-inverts,Biogenic invertebrates,modals/biogenic-inverts.html,
mbnms_deep-seafloor.svg,demersal-fishes,Demersal fishes,modals/demersal-fishes.html,
mbnms_deep-seafloor.svg,infauna,Infauna,modals/infauna.html,
mbnms_deep-seafloor.svg,infaunal-inverts,Infaunal invertebrates,modals/infaunal-inverts.html,
mbnms_deep-seafloor.svg,key-climate-ocean,Key climate & ocean drivers,modals/key-climate-ocean.html,
mbnms_deep-seafloor.svg,key-human-activities,Key human activities,modals/key-human-activities.html,
mbnms_deep-seafloor.svg,mobile-crustaceans,Mobile crustaceans,modals/mobile-crustaceans.html,
mbnms_deep-seafloor.svg,mobile-inverts,Mobile invertebrates,modals/mobile-inverts.html,
mbnms_estuary.svg,benthic-macro-invert,Benthic macro-invertebrate,modals/benthic-macro-invert.html,
mbnms_estuary.svg,eelgrass,Eelgrass,modals/eelgrass.html,
mbnms_estuary.svg,flatfish,Flatfish,modals/flatfish.html,
mbnms_estuary.svg,infaunal-inverts,Infaunal invertebrates,modals/infaunal-inverts.html,
mbnms_estuary.svg,key-climate-ocean,Key climate & ocean drivers,modals/key-climate-ocean.html,
mbnms_estuary.svg,key-human-activities,Key human activities,modals/key-human-activities.html,
mbnms_estuary.svg,native-oyster,Native oyster,modals/native-oyster.html,
mbnms_estuary.svg,non-indigenous-spp,Non-indigenous species,modals/non-indigenous-spp.html,
mbnms_estuary.svg,resident-fish,Resident fish,modals/resident-fish.html,
mbnms_estuary.svg,saltmarsh,Saltmarsh,modals/saltmarsh.html,
mbnms_estuary.svg,sea-otter,Sea otter,modals/sea-otter.html,
mbnms_estuary.svg,waterbird,Waterbird,modals/waterbird.html,
mbnms_kelp-forest.svg,abalone,Abalone,modals/abalone.html,
mbnms_kelp-forest.svg,biogenic-inverts,Biogenic invertebrates,modals/biogenic-inverts.html,
mbnms_kelp-forest.svg,kelp-canopy,Kelp canopy,modals/kelp-canopy.html,
mbnms_kelp-forest.svg,kelp-forest-fish,Kelp forest fish,modals/kelp-forest-fish.html,
mbnms_kelp-forest.svg,key-climate-ocean,Key climate & ocean drivers,modals/key-climate-ocean.html,
mbnms_kelp-forest.svg,key-human-activities,Key human activities,modals/key-human-activities.html,
mbnms_kelp-forest.svg,nesting-birds,Nesting birds,modals/nesting-birds.html,
mbnms_kelp-forest.svg,non-indigenous-spp,Non-indigenous species,modals/non-indigenous-spp.html,
mbnms_kelp-forest.svg,sea-otter,Sea otter,modals/sea-otter.html,
mbnms_kelp-forest.svg,seastar,Sea star (Pycnopodia & Pisaster),modals/seastar.html,
mbnms_kelp-forest.svg,sea-urchin,Sea urchin (red & purple),modals/sea-urchin.html,
mbnms_kelp-forest.svg,understory-algae,Understory algae,modals/understory-algae.html,
mbnms_kelp-forest.svg,yoy-rockfish,YOY rockfish,modals/yoy-rockfish.html,
mbnms_overview.svg,deep-seafloor,Deep Seafloor,deep-seafloor.html,T
mbnms_overview.svg,estuary,Estuary,estuary.html,T
mbnms_overview.svg,kelp-forest,Kelp Forest,kelp-forest.html,T
mbnms_overview.svg,pelagic,Pelagic,pelagic.html,T
mbnms_overview.svg,rocky-shore,Rocky Shore,rocky-shore.html,T
mbnms_overview.svg,sandy-beach,Sandy Beach,sandy-beach.html,T
mbnms_overview.svg,sandy-seafloor,Sandy Seafloor,sandy-seafloor.html,T
mbnms_overview.svg,seamount-ridge,Seamount Ridge,seamount-ridge.html,T
mbnms_rocky-shore.svg,algal-groups,Algal groups,modals/algal-groups.html,
mbnms_rocky-shore.svg,barnacles,Barnacles,modals/barnacles.html,
mbnms_rocky-shore.svg,black-abalone,Black abalone,modals/black-abalone.html,
mbnms_rocky-shore.svg,black-oystercatcher,Black Oystercatcher,modals/black-oystercatcher.html,
mbnms_rocky-shore.svg,inverts,Invertebrates,modals/inverts.html,
mbnms_rocky-shore.svg,key-climate-ocean,Key climate & ocean drivers,modals/key-climate-ocean.html,
mbnms_rocky-shore.svg,key-human-activities,Key human activities,modals/key-human-activities.html,
mbnms_rocky-shore.svg,mussels,Mussels,modals/mussels.html,
mbnms_rocky-shore.svg,ochre-stars,Ochre star,modals/ochre-stars.html,
mbnms_rocky-shore.svg,owl-limpets,Owl limpets,modals/owl-limpets.html,
mbnms_sandy-beach.svg,armored-beach,Armored beach,modals/armored-beach.html,
mbnms_sandy-beach.svg,key-climate-ocean,Key climate & ocean drivers,modals/key-climate-ocean.html,
mbnms_sandy-beach.svg,key-human-activities,Key human activities,modals/key-human-activities.html,
mbnms_sandy-beach.svg,macrophyte-wrack,Macrophyte wrack,modals/macrophyte-wrack.html,
mbnms_sandy-beach.svg,seabirds,Marine birds,modals/seabirds.html,
mbnms_sandy-beach.svg,non-indigenous-spp,Non-indigenous species,modals/non-indigenous-spp.html,
mbnms_sandy-beach.svg,sand-crab,Sand crab,modals/sand-crab.html,
mbnms_sandy-beach.svg,snowy-plover,Snowy plover,modals/snowy-plover.html,
mbnms_sandy-beach.svg,talitrid-amphipods,Talitrid amphipods (Megalorchestia spp.),modals/talitrid-amphipods.html,
mbnms_sandy-beach.svg,wrack-consumers,Wrack consumers,modals/wrack-consumers.html,
mbnms_sandy-seafloor.svg,biogenic-inverts,Biogenic invertebrates,modals/biogenic-inverts.html,
mbnms_sandy-seafloor.svg,dungeness-crabs,Dungeness crabs,modals/dungeness-crabs.html,
mbnms_sandy-seafloor.svg,halibut,Halibut,modals/halibut.html,
mbnms_sandy-seafloor.svg,infaunal-inverts,Infaunal invertebrates,modals/infaunal-inverts.html,
mbnms_sandy-seafloor.svg,key-climate-ocean,Key climate & ocean drivers,modals/key-climate-ocean.html,
mbnms_sandy-seafloor.svg,key-human-activities,Key human activities,modals/key-human-activities.html,
mbnms_sandy-seafloor.svg,non-indigenous-spp,Non-indigenous species,modals/non-indigenous-spp.html,
mbnms_seamount-ridge.svg,baleen-whales,Baleen whales,modals/baleen-whales.html,
mbnms_seamount-ridge.svg,biogenic-inverts,Biogenic invertebrates,modals/biogenic-inverts.html,
mbnms_seamount-ridge.svg,demersal-fishes,Demersal fishes,modals/demersal-fishes.html,
mbnms_seamount-ridge.svg,marine-mammal,Marine mammal,modals/marine-mammal.html,
mbnms_seamount-ridge.svg,mobile-benthic-inverts,Mobile benthic invertebrates,modals/mobile-benthic-inverts.html,
mbnms_seamount-ridge.svg,seabirds,Seabirds,modals/seabirds.html,